{
  "jsonrpc": "2.0",
  "method": "subscription",
  "params": {
    "channel": "user.orders.future.BTC.100ms",
    "data": [
      {
        "time_in_force": "good_til_cancelled",
        "reduce_only": false,
        "profit_loss": 0,
        "price": 3928.5,
        "post_only": false,
        "order_type": "limit",
        "order_state": "open",
        "order_id": "476137",
        "max_show": 120,
        "last_update_timestamp": 1550826337209,
        "label": "",
        "is_liquidation": false,
        "instrument_name": "BTC-PERPETUAL",
        "filled_amount": 0,
        "direction": "buy",
        "creation_timestamp": 1550826337209,
        "commission": 0,
        "average_price": 0,
        "api": false,
        "amount": 120
      }
    ]
  }
}