{
    "params": {
        "channel": "user.orders.BTC-PERPETUAL.raw",
        "data": {
            "amount": 50,
            "api": false,
            "average_price": 0,
            "commission": 0,
            "creation_timestamp": 1550751585156,
            "direction": "sell",
            "filled_amount": 0,
            "instrument_name": "BTC-PERPETUAL",
            "is_liquidation": false,
            "label": "",
            "last_update_timestamp": 1550751585156,
            "max_show": 50,
            "order_id": "39643",
            "order_state": "open",
            "order_type": "limit",
            "post_only": false,
            "price": 3980,
            "profit_loss": 0,
            "reduce_only": false,
            "time_in_force": "good_til_cancelled"
        }
    },
    "method": "subscription",
    "jsonrpc": "2.0"
}