{
  "jsonrpc": "2.0",
  "id": 5275,
  "result": {
    "trades": [
      {
        "trade_seq": 14151,
        "trade_id": "ETH-37435",
        "timestamp": 1550657341322,
        "tick_direction": 2,
        "state": "closed",
        "self_trade": false,
        "price": 143.81,
        "order_type": "market",
        "order_id": "ETH-349249",
        "matching_id": null,
        "liquidity": "T",
        "label": "market0000234",
        "instrument_name": "ETH-PERPETUAL",
        "index_price": 143.73,
        "fee_currency": "ETH",
        "fee": 0.000139,
        "direction": "buy",
        "amount": 40
      }
    ],
    "order": {
      "time_in_force": "good_til_cancelled",
      "reduce_only": false,
      "profit_loss": 0,
      "price": "market_price",
      "post_only": false,
      "order_type": "market",
      "order_state": "filled",
      "order_id": "ETH-349249",
      "max_show": 40,
      "last_update_timestamp": 1550657341322,
      "label": "market0000234",
      "is_liquidation": false,
      "instrument_name": "ETH-PERPETUAL",
      "filled_amount": 40,
      "direction": "buy",
      "creation_timestamp": 1550657341322,
      "commission": 0.000139,
      "average_price": 143.81,
      "api": true,
      "amount": 40
    }
  }
}