{
  "jsonrpc": "2.0",
  "id": 9292,
  "result": {
    "trades": [
      {
        "trade_seq": 2,
        "trade_id": "ETH-36939",
        "timestamp": 1550219991813,
        "tick_direction": 1,
        "state": "closed",
        "self_trade": false,
        "price": 0.004,
        "order_type": "limit",
        "order_id": "ETH-345387",
        "matching_id": null,
        "liquidity": "T",
        "iv": 17.84,
        "instrument_name": "ETH-22FEB19-120-P",
        "index_price": 121.42,
        "fee_currency": "ETH",
        "fee": 0.000275,
        "direction": "sell",
        "amount": 0.55
      },
      {
        "trade_seq": 1,
        "trade_id": "ETH-36747",
        "timestamp": 1550219981078,
        "tick_direction": 1,
        "state": "closed",
        "self_trade": false,
        "price": 0.004,
        "order_type": "limit",
        "order_id": "ETH-344773",
        "matching_id": null,
        "liquidity": "T",
        "iv": 17.84,
        "instrument_name": "ETH-22FEB19-120-P",
        "index_price": 121.42,
        "fee_currency": "ETH",
        "fee": 0.06105,
        "direction": "sell",
        "amount": 122.1
      }
    ],
    "has_more": true
  }
}