{
    "jsonrpc": "2.0",
    "id": 4947,
    "result": [
        {
            "email": "user_AAA@email.com",
            "id": 2,
            "is_password": true,
            "login_enabled": true,
            "portfolio": {
                "eth": {
                    "available_funds": 5,
                    "available_withdrawal_funds": 5,
                    "balance": 5,
                    "currency": "eth",
                    "equity": 5,
                    "initial_margin": 0,
                    "maintenance_margin": 0,
                    "margin_balance": 5
                },
                "btc": {
                    "available_funds": 5.000413075,
                    "available_withdrawal_funds": 5.000413075,
                    "balance": 5.000593987,
                    "currency": "btc",
                    "equity": 5.000571846,
                    "initial_margin": 0.000158771,
                    "maintenance_margin": 0.000115715,
                    "margin_balance": 5.000571846
                }
            },
            "receive_notifications": false,
            "system_name": "user_1",
            "tfa_enabled": false,
            "type": "main",
            "username": "user_1"
        },
        {
            "email": "user_AAA@gmail.com",
            "id": 7,
            "is_password": true,
            "login_enabled": false,
            "portfolio": {
                "eth": {
                    "available_funds": 0,
                    "available_withdrawal_funds": 0,
                    "balance": 0,
                    "currency": "eth",
                    "equity": 0,
                    "initial_margin": 0,
                    "maintenance_margin": 0,
                    "margin_balance": 0
                },
                "btc": {
                    "available_funds": 0,
                    "available_withdrawal_funds": 0,
                    "balance": 0,
                    "currency": "btc",
                    "equity": 0,
                    "initial_margin": 0,
                    "maintenance_margin": 0,
                    "margin_balance": 0
                }
            },
            "receive_notifications": false,
            "system_name": "user_1_1",
            "tfa_enabled": false,
            "type": "subaccount",
            "username": "user_1_1"
        },
        {
            "email": "user_AAA@gmail.com",
            "id": 11,
            "is_password": false,
            "login_enabled": false,
            "portfolio": {
                "eth": {
                    "available_funds": 0,
                    "available_withdrawal_funds": 0,
                    "balance": 0,
                    "currency": "eth",
                    "equity": 0,
                    "initial_margin": 0,
                    "maintenance_margin": 0,
                    "margin_balance": 0
                },
                "btc": {
                    "available_funds": 0,
                    "available_withdrawal_funds": 0,
                    "balance": 0,
                    "currency": "btc",
                    "equity": 0,
                    "initial_margin": 0,
                    "maintenance_margin": 0,
                    "margin_balance": 0
                }
            },
            "receive_notifications": false,
            "system_name": "user_1_2",
            "tfa_enabled": false,
            "type": "subaccount",
            "username": "user_1_2"
        }
    ]
}

