{
    "jsonrpc": "2.0",
    "id": 2515,
    "result": {
        "available_funds": 5.00040249,
        "available_withdrawal_funds": 5.00040249,
        "balance": 5.00059399,
        "currency": "BTC",
        "delta_total": 0.0054,
        "deposit_address": "2N35qDKDY22zmJq9eSyiAerMD4enJ1xx6ax",
        "email": "user_AAA@email.com",
        "equity": 5.0005616,
        "futures_pl": -0.0000432,
        "futures_session_rpl": 0.00001081,
        "futures_session_upl": -0.0000432,
        "id": 2,
        "initial_margin": 0.00015911,
        "maintenance_margin": 0.00011597,
        "margin_balance": 5.0005616,
        "options_delta": 0,
        "options_gamma": 0,
        "options_pl": 0,
        "options_session_rpl": 0,
        "options_session_upl": 0,
        "options_theta": 0,
        "options_vega": 0,
        "portfolio_margining_enabled": false,
        "session_funding": 0,
        "session_rpl": 0.00001081,
        "session_upl": -0.0000432,
        "system_name": "user_1",
        "tfa_enabled": false,
        "total_pl": -0.0000432,
        "type": "main",
        "username": "user_1"
    }
}
