{
    "jsonrpc":"2.0",
    "id":8772,
    "result":{
        "timestamp":1550757626706,
        "stats":{
            "volume":93.35589552,
            "low":3940.75,
            "high":3976.25
        },
        "state":"open",
        "settlement_price":3925.85,
        "open_interest":45.27600333464605,
        "min_price":3932.22,
        "max_price":3971.74,
        "mark_price":3931.97,
        "last_price":3955.75,
        "instrument_name":"BTC-PERPETUAL",
        "index_price":3910.46,
        "funding_8h":0.00455263,
        "current_funding":0.00500063,
        "change_id":474988,
        "bids":[
            [
                3955.75,
                30.0
            ],
            [
                3940.75,
                102020.0
            ],
            [
                3423.0,
                42840.0
            ]
        ],
        "best_bid_price":3955.75,
        "best_bid_amount":30.0,
        "best_ask_price":0.0,
        "best_ask_amount":0.0,
        "asks":[

        ]
    }
}