{
  "jsonrpc": "2.0",
  "id": 4497,
  "result": {
    "settlements": [
      {
        "type": "delivery",
        "timestamp": 1550242800013,
        "session_profit_loss": 4.703907906,
        "profit_loss": -0.427669766,
        "position": 64,
        "mark_price": 0.121679828,
        "instrument_name": "BTC-15FEB19-4000-P",
        "index_price": 3566.08
      },
      {
        "type": "delivery",
        "timestamp": 1550242800013,
        "session_profit_loss": 3.135938604,
        "profit_loss": -2.539278115,
        "position": 206,
        "mark_price": 0,
        "instrument_name": "BTC-15FEB19-4000-C",
        "index_price": 3566.08
      }
    ],
    "continuation": "29XjjMM7Zc6U4oytmV27f7a6YRb5aSdVijwfuYhHRTLphugjRf1edP8uGLo3w2mWKV23QgrxsmenRGqzucc7"
  }
}