{
  "jsonrpc": "2.0",
  "id": 7538,
  "result": [
      {
          "coin_type": "ETHER"
          "currency": "ETH",
          "currency_long": "Ethereum",
          "disabled_deposit_address_creation": false,
          "fee_precision": 4,
          "min_confirmations": 1,
          "min_withdrawal_fee": 0.0001,
          "withdrawal_fee": 0.0006,
          "withdrawal_priorities": []
      },
      {
          "coin_type": "BITCOIN"
          "currency": "BTC",
          "currency_long": "Bitcoin",
          "disabled_deposit_address_creation": false,
          "fee_precision": 4,
          "min_confirmations": 1,
          "min_withdrawal_fee": 0.0001,
          "withdrawal_fee": 0.0001,
          "withdrawal_priorities": [
              {
                  "value": 0.15,
                  "name": "very_low"
              },
              {
                  "value": 1.5,
                  "name": "very_high"
              }
          ]
      }
  ]
}    
